<tiles>
	<base width="2100" height="1920" />
	<size cols="7" rows="12" />
	<tile file="map3_tile0000.png" id="0000" minlat="58.4184000" maxlat="58.4160800" minlon="15.5501000" maxlon="15.5583800" type="normal" />
	<tile file="map3_tile0001.png" id="0001" minlat="58.4184000" maxlat="58.4160800" minlon="15.5583800" maxlon="15.5666600" type="normal" />
	<tile file="map3_tile0002.png" id="0002" minlat="58.4184000" maxlat="58.4160800" minlon="15.5666600" maxlon="15.5749400" type="normal" />
	<tile file="map3_tile0003.png" id="0003" minlat="58.4184000" maxlat="58.4160800" minlon="15.5749400" maxlon="15.5832200" type="normal" />
	<tile file="map3_tile0004.png" id="0004" minlat="58.4184000" maxlat="58.4160800" minlon="15.5832200" maxlon="15.5915000" type="normal" />
	<tile file="map3_tile0005.png" id="0005" minlat="58.4184000" maxlat="58.4160800" minlon="15.5915000" maxlon="15.5997800" type="normal" />
	<tile file="map3_tile0006.png" id="0006" minlat="58.4184000" maxlat="58.4160800" minlon="15.5997800" maxlon="15.6080600" type="end" />
	<tile file="map3_tile0007.png" id="0007" minlat="58.4160800" maxlat="58.4137600" minlon="15.5501000" maxlon="15.5583800" type="normal" />
	<tile file="map3_tile0008.png" id="0008" minlat="58.4160800" maxlat="58.4137600" minlon="15.5583800" maxlon="15.5666600" type="normal" />
	<tile file="map3_tile0009.png" id="0009" minlat="58.4160800" maxlat="58.4137600" minlon="15.5666600" maxlon="15.5749400" type="normal" />
	<tile file="map3_tile0010.png" id="0010" minlat="58.4160800" maxlat="58.4137600" minlon="15.5749400" maxlon="15.5832200" type="normal" />
	<tile file="map3_tile0011.png" id="0011" minlat="58.4160800" maxlat="58.4137600" minlon="15.5832200" maxlon="15.5915000" type="normal" />
	<tile file="map3_tile0012.png" id="0012" minlat="58.4160800" maxlat="58.4137600" minlon="15.5915000" maxlon="15.5997800" type="normal" />
	<tile file="map3_tile0013.png" id="0013" minlat="58.4160800" maxlat="58.4137600" minlon="15.5997800" maxlon="15.6080600" type="end" />
	<tile file="map3_tile0014.png" id="0014" minlat="58.4137600" maxlat="58.4114400" minlon="15.5501000" maxlon="15.5583800" type="normal" />
	<tile file="map3_tile0015.png" id="0015" minlat="58.4137600" maxlat="58.4114400" minlon="15.5583800" maxlon="15.5666600" type="normal" />
	<tile file="map3_tile0016.png" id="0016" minlat="58.4137600" maxlat="58.4114400" minlon="15.5666600" maxlon="15.5749400" type="normal" />
	<tile file="map3_tile0017.png" id="0017" minlat="58.4137600" maxlat="58.4114400" minlon="15.5749400" maxlon="15.5832200" type="normal" />
	<tile file="map3_tile0018.png" id="0018" minlat="58.4137600" maxlat="58.4114400" minlon="15.5832200" maxlon="15.5915000" type="normal" />
	<tile file="map3_tile0019.png" id="0019" minlat="58.4137600" maxlat="58.4114400" minlon="15.5915000" maxlon="15.5997800" type="normal" />
	<tile file="map3_tile0020.png" id="0020" minlat="58.4137600" maxlat="58.4114400" minlon="15.5997800" maxlon="15.6080600" type="end" />
	<tile file="map3_tile0021.png" id="0021" minlat="58.4114400" maxlat="58.4091200" minlon="15.5501000" maxlon="15.5583800" type="normal" />
	<tile file="map3_tile0022.png" id="0022" minlat="58.4114400" maxlat="58.4091200" minlon="15.5583800" maxlon="15.5666600" type="normal" />
	<tile file="map3_tile0023.png" id="0023" minlat="58.4114400" maxlat="58.4091200" minlon="15.5666600" maxlon="15.5749400" type="normal" />
	<tile file="map3_tile0024.png" id="0024" minlat="58.4114400" maxlat="58.4091200" minlon="15.5749400" maxlon="15.5832200" type="normal" />
	<tile file="map3_tile0025.png" id="0025" minlat="58.4114400" maxlat="58.4091200" minlon="15.5832200" maxlon="15.5915000" type="normal" />
	<tile file="map3_tile0026.png" id="0026" minlat="58.4114400" maxlat="58.4091200" minlon="15.5915000" maxlon="15.5997800" type="normal" />
	<tile file="map3_tile0027.png" id="0027" minlat="58.4114400" maxlat="58.4091200" minlon="15.5997800" maxlon="15.6080600" type="end" />
	<tile file="map3_tile0028.png" id="0028" minlat="58.4091200" maxlat="58.4068000" minlon="15.5501000" maxlon="15.5583800" type="normal" />
	<tile file="map3_tile0029.png" id="0029" minlat="58.4091200" maxlat="58.4068000" minlon="15.5583800" maxlon="15.5666600" type="normal" />
	<tile file="map3_tile0030.png" id="0030" minlat="58.4091200" maxlat="58.4068000" minlon="15.5666600" maxlon="15.5749400" type="normal" />
	<tile file="map3_tile0031.png" id="0031" minlat="58.4091200" maxlat="58.4068000" minlon="15.5749400" maxlon="15.5832200" type="normal" />
	<tile file="map3_tile0032.png" id="0032" minlat="58.4091200" maxlat="58.4068000" minlon="15.5832200" maxlon="15.5915000" type="normal" />
	<tile file="map3_tile0033.png" id="0033" minlat="58.4091200" maxlat="58.4068000" minlon="15.5915000" maxlon="15.5997800" type="normal" />
	<tile file="map3_tile0034.png" id="0034" minlat="58.4091200" maxlat="58.4068000" minlon="15.5997800" maxlon="15.6080600" type="end" />
	<tile file="map3_tile0035.png" id="0035" minlat="58.4068000" maxlat="58.4044800" minlon="15.5501000" maxlon="15.5583800" type="normal" />
	<tile file="map3_tile0036.png" id="0036" minlat="58.4068000" maxlat="58.4044800" minlon="15.5583800" maxlon="15.5666600" type="normal" />
	<tile file="map3_tile0037.png" id="0037" minlat="58.4068000" maxlat="58.4044800" minlon="15.5666600" maxlon="15.5749400" type="normal" />
	<tile file="map3_tile0038.png" id="0038" minlat="58.4068000" maxlat="58.4044800" minlon="15.5749400" maxlon="15.5832200" type="normal" />
	<tile file="map3_tile0039.png" id="0039" minlat="58.4068000" maxlat="58.4044800" minlon="15.5832200" maxlon="15.5915000" type="normal" />
	<tile file="map3_tile0040.png" id="0040" minlat="58.4068000" maxlat="58.4044800" minlon="15.5915000" maxlon="15.5997800" type="normal" />
	<tile file="map3_tile0041.png" id="0041" minlat="58.4068000" maxlat="58.4044800" minlon="15.5997800" maxlon="15.6080600" type="end" />
	<tile file="map3_tile0042.png" id="0042" minlat="58.4044800" maxlat="58.4021600" minlon="15.5501000" maxlon="15.5583800" type="normal" />
	<tile file="map3_tile0043.png" id="0043" minlat="58.4044800" maxlat="58.4021600" minlon="15.5583800" maxlon="15.5666600" type="normal" />
	<tile file="map3_tile0044.png" id="0044" minlat="58.4044800" maxlat="58.4021600" minlon="15.5666600" maxlon="15.5749400" type="normal" />
	<tile file="map3_tile0045.png" id="0045" minlat="58.4044800" maxlat="58.4021600" minlon="15.5749400" maxlon="15.5832200" type="normal" />
	<tile file="map3_tile0046.png" id="0046" minlat="58.4044800" maxlat="58.4021600" minlon="15.5832200" maxlon="15.5915000" type="normal" />
	<tile file="map3_tile0047.png" id="0047" minlat="58.4044800" maxlat="58.4021600" minlon="15.5915000" maxlon="15.5997800" type="normal" />
	<tile file="map3_tile0048.png" id="0048" minlat="58.4044800" maxlat="58.4021600" minlon="15.5997800" maxlon="15.6080600" type="end" />
	<tile file="map3_tile0049.png" id="0049" minlat="58.4021600" maxlat="58.3998400" minlon="15.5501000" maxlon="15.5583800" type="normal" />
	<tile file="map3_tile0050.png" id="0050" minlat="58.4021600" maxlat="58.3998400" minlon="15.5583800" maxlon="15.5666600" type="normal" />
	<tile file="map3_tile0051.png" id="0051" minlat="58.4021600" maxlat="58.3998400" minlon="15.5666600" maxlon="15.5749400" type="normal" />
	<tile file="map3_tile0052.png" id="0052" minlat="58.4021600" maxlat="58.3998400" minlon="15.5749400" maxlon="15.5832200" type="normal" />
	<tile file="map3_tile0053.png" id="0053" minlat="58.4021600" maxlat="58.3998400" minlon="15.5832200" maxlon="15.5915000" type="normal" />
	<tile file="map3_tile0054.png" id="0054" minlat="58.4021600" maxlat="58.3998400" minlon="15.5915000" maxlon="15.5997800" type="normal" />
	<tile file="map3_tile0055.png" id="0055" minlat="58.4021600" maxlat="58.3998400" minlon="15.5997800" maxlon="15.6080600" type="end" />
	<tile file="map3_tile0056.png" id="0056" minlat="58.3998400" maxlat="58.3975200" minlon="15.5501000" maxlon="15.5583800" type="normal" />
	<tile file="map3_tile0057.png" id="0057" minlat="58.3998400" maxlat="58.3975200" minlon="15.5583800" maxlon="15.5666600" type="normal" />
	<tile file="map3_tile0058.png" id="0058" minlat="58.3998400" maxlat="58.3975200" minlon="15.5666600" maxlon="15.5749400" type="normal" />
	<tile file="map3_tile0059.png" id="0059" minlat="58.3998400" maxlat="58.3975200" minlon="15.5749400" maxlon="15.5832200" type="normal" />
	<tile file="map3_tile0060.png" id="0060" minlat="58.3998400" maxlat="58.3975200" minlon="15.5832200" maxlon="15.5915000" type="normal" />
	<tile file="map3_tile0061.png" id="0061" minlat="58.3998400" maxlat="58.3975200" minlon="15.5915000" maxlon="15.5997800" type="normal" />
	<tile file="map3_tile0062.png" id="0062" minlat="58.3998400" maxlat="58.3975200" minlon="15.5997800" maxlon="15.6080600" type="end" />
	<tile file="map3_tile0063.png" id="0063" minlat="58.3975200" maxlat="58.3952000" minlon="15.5501000" maxlon="15.5583800" type="normal" />
	<tile file="map3_tile0064.png" id="0064" minlat="58.3975200" maxlat="58.3952000" minlon="15.5583800" maxlon="15.5666600" type="normal" />
	<tile file="map3_tile0065.png" id="0065" minlat="58.3975200" maxlat="58.3952000" minlon="15.5666600" maxlon="15.5749400" type="normal" />
	<tile file="map3_tile0066.png" id="0066" minlat="58.3975200" maxlat="58.3952000" minlon="15.5749400" maxlon="15.5832200" type="normal" />
	<tile file="map3_tile0067.png" id="0067" minlat="58.3975200" maxlat="58.3952000" minlon="15.5832200" maxlon="15.5915000" type="normal" />
	<tile file="map3_tile0068.png" id="0068" minlat="58.3975200" maxlat="58.3952000" minlon="15.5915000" maxlon="15.5997800" type="normal" />
	<tile file="map3_tile0069.png" id="0069" minlat="58.3975200" maxlat="58.3952000" minlon="15.5997800" maxlon="15.6080600" type="end" />
	<tile file="map3_tile0070.png" id="0070" minlat="58.3952000" maxlat="58.3928800" minlon="15.5501000" maxlon="15.5583800" type="normal" />
	<tile file="map3_tile0071.png" id="0071" minlat="58.3952000" maxlat="58.3928800" minlon="15.5583800" maxlon="15.5666600" type="normal" />
	<tile file="map3_tile0072.png" id="0072" minlat="58.3952000" maxlat="58.3928800" minlon="15.5666600" maxlon="15.5749400" type="normal" />
	<tile file="map3_tile0073.png" id="0073" minlat="58.3952000" maxlat="58.3928800" minlon="15.5749400" maxlon="15.5832200" type="normal" />
	<tile file="map3_tile0074.png" id="0074" minlat="58.3952000" maxlat="58.3928800" minlon="15.5832200" maxlon="15.5915000" type="normal" />
	<tile file="map3_tile0075.png" id="0075" minlat="58.3952000" maxlat="58.3928800" minlon="15.5915000" maxlon="15.5997800" type="normal" />
	<tile file="map3_tile0076.png" id="0076" minlat="58.3952000" maxlat="58.3928800" minlon="15.5997800" maxlon="15.6080600" type="end" />
	<tile file="map3_tile0077.png" id="0077" minlat="58.3928800" maxlat="58.3905600" minlon="15.5501000" maxlon="15.5583800" type="normal" />
	<tile file="map3_tile0078.png" id="0078" minlat="58.3928800" maxlat="58.3905600" minlon="15.5583800" maxlon="15.5666600" type="normal" />
	<tile file="map3_tile0079.png" id="0079" minlat="58.3928800" maxlat="58.3905600" minlon="15.5666600" maxlon="15.5749400" type="normal" />
	<tile file="map3_tile0080.png" id="0080" minlat="58.3928800" maxlat="58.3905600" minlon="15.5749400" maxlon="15.5832200" type="normal" />
	<tile file="map3_tile0081.png" id="0081" minlat="58.3928800" maxlat="58.3905600" minlon="15.5832200" maxlon="15.5915000" type="normal" />
	<tile file="map3_tile0082.png" id="0082" minlat="58.3928800" maxlat="58.3905600" minlon="15.5915000" maxlon="15.5997800" type="normal" />
	<tile file="map3_tile0083.png" id="0083" minlat="58.3928800" maxlat="58.3905600" minlon="15.5997800" maxlon="15.6080600" type="end" />
</tiles>
